code,name,naver_label
040160,누리플렉스,화폐/금융자동화기기(디지털화폐 등)
052600,한네트,화폐/금융자동화기기(디지털화폐 등)
053160,프리엠스,화폐/금융자동화기기(디지털화폐 등)
063570,NICE인프라,화폐/금융자동화기기(디지털화폐 등)
067730,로지시스,화폐/금융자동화기기(디지털화폐 등)
089150,케이씨티,화폐/금융자동화기기(디지털화폐 등)
094940,푸른기술,화폐/금융자동화기기(디지털화폐 등)
103140,풍산,화폐/금융자동화기기(디지털화폐 등)
115500,케이씨에스,화폐/금융자동화기기(디지털화폐 등)
377300,카카오페이,화폐/금융자동화기기(디지털화폐 등)
256630,포인트엔지니어링,OLED(유기 발광 다이오드)
255440,야스,OLED(유기 발광 다이오드)
251630,브이원텍,OLED(유기 발광 다이오드)
250930,예선테크,OLED(유기 발광 다이오드)
240810,원익IPS,OLED(유기 발광 다이오드)
239890,피엔에이치테크,OLED(유기 발광 다이오드)
238490,힘스,OLED(유기 발광 다이오드)
213420,덕산네오룩스,OLED(유기 발광 다이오드)
187870,디바이스,OLED(유기 발광 다이오드)
178920,PI첨단소재,OLED(유기 발광 다이오드)
177350,베셀,OLED(유기 발광 다이오드)
171090,선익시스템,OLED(유기 발광 다이오드)
171010,램테크놀러지,OLED(유기 발광 다이오드)
161580,필옵틱스,OLED(유기 발광 다이오드)
155650,와이엠씨,OLED(유기 발광 다이오드)
144960,뉴파워프라즈마,OLED(유기 발광 다이오드)
143540,영우디에스피,OLED(유기 발광 다이오드)
141000,비아트론,OLED(유기 발광 다이오드)
137080,나래나노텍,OLED(유기 발광 다이오드)
131760,파인텍,OLED(유기 발광 다이오드)
475660,에스켐,OLED(유기 발광 다이오드)
457370,한켐,OLED(유기 발광 다이오드)
371950,풍원정밀,OLED(유기 발광 다이오드)
351320,넥사다이내믹스,OLED(유기 발광 다이오드)
347770,핌스,OLED(유기 발광 다이오드)
336680,탑런토탈솔루션,OLED(유기 발광 다이오드)
336370,솔루스첨단소재,OLED(유기 발광 다이오드)
321260,프로이천,OLED(유기 발광 다이오드)
320000,한울반도체,OLED(유기 발광 다이오드)
317330,덕산테코피아,OLED(유기 발광 다이오드)
309710,아이티켐,OLED(유기 발광 다이오드)
297890,HB솔루션,OLED(유기 발광 다이오드)
295310,에이치브이엠,OLED(유기 발광 다이오드)
290520,신도기연,OLED(유기 발광 다이오드)
278280,천보,OLED(유기 발광 다이오드)
272290,이녹스첨단소재,OLED(유기 발광 다이오드)
267320,나인테크,OLED(유기 발광 다이오드)
265520,AP시스템,OLED(유기 발광 다이오드)
257370,피엔티엠에스,OLED(유기 발광 다이오드)
256940,킵스파마,OLED(유기 발광 다이오드)
079950,인베니아,OLED(유기 발광 다이오드)
078150,HB테크놀러지,OLED(유기 발광 다이오드)
066570,LG전자,OLED(유기 발광 다이오드)
065130,탑엔지니어링,OLED(유기 발광 다이오드)
063760,이엘피,OLED(유기 발광 다이오드)
059100,아이컴포넌트,OLED(유기 발광 다이오드)
056190,에스에프에이,OLED(유기 발광 다이오드)
054620,APS,OLED(유기 발광 다이오드)
054040,한국컴퓨터,OLED(유기 발광 다이오드)
051910,LG화학,OLED(유기 발광 다이오드)
049950,미래컴퍼니,OLED(유기 발광 다이오드)
043590,웰킵스하이텍,OLED(유기 발광 다이오드)
040910,아이씨디,OLED(유기 발광 다이오드)
036930,주성엔지니어링,OLED(유기 발광 다이오드)
034220,LG디스플레이,OLED(유기 발광 다이오드)
014680,한솔케미칼,OLED(유기 발광 다이오드)
011690,와이투솔루션,OLED(유기 발광 다이오드)
009310,참엔지니어링,OLED(유기 발광 다이오드)
005930,삼성전자,OLED(유기 발광 다이오드)
000015,그린광학,OLED(유기 발광 다이오드)
131290,티에스이,OLED(유기 발광 다이오드)
122640,예스티,OLED(유기 발광 다이오드)
121600,나노신소재,OLED(유기 발광 다이오드)
117730,티로보틱스,OLED(유기 발광 다이오드)
115440,우리넷,OLED(유기 발광 다이오드)
114810,한솔아이원스,OLED(유기 발광 다이오드)
110990,디아이티,OLED(유기 발광 다이오드)
108320,LX세미콘,OLED(유기 발광 다이오드)
108230,톱텍,OLED(유기 발광 다이오드)
104830,원익머트리얼즈,OLED(유기 발광 다이오드)
096870,엘디티,OLED(유기 발광 다이오드)
094970,제이엠티,OLED(유기 발광 다이오드)
090470,제이스텍,OLED(유기 발광 다이오드)
090360,로보스타,OLED(유기 발광 다이오드)
089980,상아프론테크,OLED(유기 발광 다이오드)
088130,동아엘텍,OLED(유기 발광 다이오드)
083930,아바코,OLED(유기 발광 다이오드)
083500,에프엔에스테크,OLED(유기 발광 다이오드)
083470,이엠앤아이,OLED(유기 발광 다이오드)
083310,엘오티베큠,OLED(유기 발광 다이오드)
264660,씨앤지하이테크,반도체 장비
256630,포인트엔지니어링,반도체 장비
254120,자비스,반도체 장비
253590,네오셈,반도체 장비
241790,티이엠씨씨엔에스,반도체 장비
240810,원익IPS,반도체 장비
232680,라온테크,반도체 장비
232140,와이씨,반도체 장비
227950,엔투텍,반도체 장비
224060,더코디,반도체 장비
217500,러셀,반도체 장비
217190,제너셈,반도체 장비
212710,아이에스티이,반도체 장비
200470,에이팩트,반도체 장비
187870,디바이스,반도체 장비
183300,코미코,반도체 장비
178320,서진시스템,반도체 장비
168360,펨트론,반도체 장비
160980,싸이맥스,반도체 장비
159010,아스플로,반도체 장비
140860,파크시스템스,반도체 장비
140670,알에스오토메이션,반도체 장비
489790,한화비전,반도체 장비
469610,이노테크,반도체 장비
452160,제이엔비,반도체 장비
451220,아이엠티,반도체 장비
425420,티에프이,반도체 장비
420770,기가비스,반도체 장비
417840,저스템,반도체 장비
412350,레이저쎌,반도체 장비
403870,HPSP,반도체 장비
402490,그린리소스,반도체 장비
396470,워트,반도체 장비
382800,지앤비에스 에코,반도체 장비
348350,위드텍,반도체 장비
348210,넥스틴,반도체 장비
330860,네패스아크,반도체 장비
323350,다원넥스뷰,반도체 장비
322310,오로스테크놀로지,반도체 장비
321260,프로이천,반도체 장비
319660,피에스케이,반도체 장비
306620,네온테크,반도체 장비
281820,케이씨텍,반도체 장비
271830,팸텍,반도체 장비
265520,AP시스템,반도체 장비
064290,인텍플러스,반도체 장비
058470,리노공업,반도체 장비
056190,에스에프에이,반도체 장비
053610,프로텍,반도체 장비
053080,케이엔솔,반도체 장비
049080,기가레인,반도체 장비
045300,성우테크론,반도체 장비
045100,한양이엔지,반도체 장비
042700,한미반도체,반도체 장비
039440,에스티아이,반도체 장비
039030,이오테크닉스,반도체 장비
037350,성도이엔지,반도체 장비
036930,주성엔지니어링,반도체 장비
036810,에프에스티,반도체 장비
036540,SFA반도체,반도체 장비
036200,유니셈,반도체 장비
031980,피에스케이홀딩스,반도체 장비
030530,원익홀딩스,반도체 장비
025560,미래산업,반도체 장비
011930,신성이엔지,반도체 장비
003160,디아이,반도체 장비
000015,그린광학,반도체 장비
140070,서플러스글로벌,반도체 장비
131290,티에스이,반도체 장비
122640,예스티,반도체 장비
110990,디아이티,반도체 장비
098460,고영,반도체 장비
095610,테스,반도체 장비
092870,엑시콘,반도체 장비
090470,제이스텍,반도체 장비
090360,로보스타,반도체 장비
089970,브이엠,반도체 장비
089890,코세스,반도체 장비
089790,제이티,반도체 장비
089030,테크윙,반도체 장비
086390,유니테스트,반도체 장비
084370,유진테크,반도체 장비
083450,GST,반도체 장비
083310,엘오티베큠,반도체 장비
081180,쎄크,반도체 장비
079370,제우스,반도체 장비
071280,로체시스템즈,반도체 장비
067310,하나마이크론,반도체 장비
065130,탑엔지니어링,반도체 장비
064760,티씨케이,반도체 장비
446070,유니드비티플러스,리모델링/인테리어
344820,KCC글라스,리모델링/인테리어
309930,조이웍스앤코,리모델링/인테리어
285800,진영,리모델링/인테리어
171120,라이온켐텍,리모델링/인테리어
108670,LX하우시스,리모델링/인테리어
079430,현대리바트,리모델링/인테리어
066620,국보디자인,리모델링/인테리어
066130,하츠,리모델링/인테리어
039020,이건홀딩스,리모델링/인테리어
037440,희림,리모델링/인테리어
037070,파세코,리모델링/인테리어
025900,동화기업,리모델링/인테리어
025750,한솔홈데코,리모델링/인테리어
020710,시공테크,리모델링/인테리어
018310,삼목에스폼,리모델링/인테리어
011090,에넥스,리모델링/인테리어
009240,한샘,리모델링/인테리어
008250,이건산업,리모델링/인테리어
007210,벽산,리모델링/인테리어
006570,대림통상,리모델링/인테리어
005750,대림바스,리모델링/인테리어
002820,SUN&L,리모델링/인테리어
002380,KCC,리모델링/인테리어
114810,한솔아이원스,반도체 재료/부품
142210,유니트론텍,반도체 재료/부품
144960,뉴파워프라즈마,반도체 재료/부품
146320,비씨엔씨,반도체 재료/부품
147760,피엠티,반도체 재료/부품
166090,하나머티리얼즈,반도체 재료/부품
170920,엘티씨,반도체 재료/부품
171010,램테크놀러지,반도체 재료/부품
195870,해성디에스,반도체 재료/부품
219130,타이거일렉,반도체 재료/부품
241770,메카로,반도체 재료/부품
241790,티이엠씨씨엔에스,반도체 재료/부품
252990,샘씨엔에스,반도체 재료/부품
272110,케이엔제이,반도체 재료/부품
272290,이녹스첨단소재,반도체 재료/부품
278280,천보,반도체 재료/부품
281740,레이크머티리얼즈,반도체 재료/부품
281820,케이씨텍,반도체 재료/부품
295310,에이치브이엠,반도체 재료/부품
311320,지오엘리먼트,반도체 재료/부품
317330,덕산테코피아,반도체 재료/부품
357780,솔브레인,반도체 재료/부품
388210,씨엠티엑스,반도체 재료/부품
417500,제이아이테크,반도체 재료/부품
424980,마이크로투나노,반도체 재료/부품
425040,티이엠씨,반도체 재료/부품
445180,퓨릿,반도체 재료/부품
446540,메가터치,반도체 재료/부품
456040,OCI,반도체 재료/부품
482630,삼양엔씨켐,반도체 재료/부품
489500,엘케이켐,반도체 재료/부품
000150,두산,반도체 재료/부품
005290,동진쎄미켐,반도체 재료/부품
024850,HLB이노베이션,반도체 재료/부품
025000,KPX케미칼,반도체 재료/부품
025320,시노펙스,반도체 재료/부품
031330,에스에이엠티,반도체 재료/부품
033160,엠케이전자,반도체 재료/부품
033640,네패스,반도체 재료/부품
036090,위지트,반도체 재료/부품
036810,에프에스티,반도체 재료/부품
043590,웰킵스하이텍,반도체 재료/부품
052900,KX하이텍,반도체 재료/부품
059090,미코,반도체 재료/부품
060310,3S,반도체 재료/부품
064760,티씨케이,반도체 재료/부품
067310,하나마이크론,반도체 재료/부품
074600,원익QnC,반도체 재료/부품
077360,덕산하이메탈,반도체 재료/부품
078350,한양디지텍,반도체 재료/부품
080580,오킨스전자,반도체 재료/부품
083500,에프엔에스테크,반도체 재료/부품
092070,디엔에프,반도체 재료/부품
092220,KEC,반도체 재료/부품
093370,후성,반도체 재료/부품
095340,ISC,반도체 재료/부품
098120,마이크로컨텍솔,반도체 재료/부품
101160,월덱스,반도체 재료/부품
101490,에스앤에스텍,반도체 재료/부품
102710,이엔에프테크놀로지,반도체 재료/부품
104830,원익머트리얼즈,반도체 재료/부품
112290,와이씨켐,반도체 재료/부품
208140,정다운,구제역/광우병 수혜
136480,하림,구제역/광우병 수혜
088910,동우팜투테이블,구제역/광우병 수혜
036480,대성미생물,구제역/광우병 수혜
035810,이지홀딩스,구제역/광우병 수혜
030720,동원수산,구제역/광우병 수혜
027740,마니커,구제역/광우병 수혜
027710,팜스토리,구제역/광우병 수혜
025870,신라에스지,구제역/광우병 수혜
018620,우진비앤지,구제역/광우병 수혜
014580,태경비케이,구제역/광우병 수혜
011150,CJ씨푸드,구제역/광우병 수혜
007160,사조산업,구제역/광우병 수혜
006980,우성,구제역/광우병 수혜
006090,사조오양,구제역/광우병 수혜
006040,동원산업,구제역/광우병 수혜
005860,한일사료,구제역/광우병 수혜
004970,신라교역,구제역/광우병 수혜
003960,사조대림,구제역/광우병 수혜
003680,한성기업,구제역/광우병 수혜
319400,현대무벡스,SI(시스템통합)
307950,현대오토에버,SI(시스템통합)
286940,롯데이노베이트,SI(시스템통합)
272210,한화시스템,SI(시스템통합)
267850,아시아나IDT,SI(시스템통합)
263800,데이타솔루션,SI(시스템통합)
242040,나무기술,SI(시스템통합)
234300,에스트래픽,SI(시스템통합)
184230,SGA솔루션즈,SI(시스템통합)
173130,오파스넷,SI(시스템통합)
124500,아이티센글로벌,SI(시스템통합)
115500,케이씨에스,SI(시스템통합)
070590,한솔인티큐브,SI(시스템통합)
064400,LG씨엔에스,SI(시스템통합)
053980,오상자이엘,SI(시스템통합)
052460,아이크래프트,SI(시스템통합)
049470,비트플래닛,SI(시스템통합)
045510,정원엔시스,SI(시스템통합)
042500,링네트,SI(시스템통합)
039420,케이엘넷,SI(시스템통합)
035510,신세계 I&C,SI(시스템통합)
034730,SK,SI(시스템통합)
032850,비트컴퓨터,SI(시스템통합)
029480,광무,SI(시스템통합)
023590,다우기술,SI(시스템통합)
022100,포스코DX,SI(시스템통합)
020180,대신정보통신,SI(시스템통합)
018260,삼성에스디에스,SI(시스템통합)
012030,DB,SI(시스템통합)
010280,아이티센엔텍,SI(시스템통합)
032960,동일기연,전자파
042700,한미반도체,전자파
049550,잉크테크,전자파
052710,아모텍,전자파
053610,프로텍,전자파
081580,성우전자,전자파
089010,켐트로닉스,전자파
154040,다산솔루에타,전자파
217190,제너셈,전자파
263810,상신전자,전자파
294140,레몬,전자파
368600,아이씨에이치,전자파
383310,에코프로에이치엔,황사/미세먼지
352700,씨앤투스,황사/미세먼지
187790,나노,황사/미세먼지
131030,옵투스제약,황사/미세먼지
089980,상아프론테크,황사/미세먼지
083550,케이엠,황사/미세먼지
080470,성창오토텍,황사/미세먼지
079190,케스피온,황사/미세먼지
071840,롯데하이마트,황사/미세먼지
069140,누리플랜,황사/미세먼지
068100,케이웨더,황사/미세먼지
066130,하츠,황사/미세먼지
065950,웰크론,황사/미세먼지
065510,휴비츠,황사/미세먼지
045520,크린앤사이언스,황사/미세먼지
044340,위닉스,황사/미세먼지
037070,파세코,황사/미세먼지
022100,포스코DX,황사/미세먼지
021240,코웨이,황사/미세먼지
012690,모나리자,황사/미세먼지
003850,보령,황사/미세먼지
002720,국제약품,황사/미세먼지
001540,안국약품,황사/미세먼지
001060,JW중외제약,황사/미세먼지
000520,삼일제약,황사/미세먼지
000430,대원강업,자동차부품
001380,SG글로벌,자동차부품
001420,태원물산,자동차부품
001620,케이비아이동국실업,자동차부품
002880,대유에이텍,자동차부품
002920,유성기업,자동차부품
003570,SNT다이내믹스,자동차부품
004100,태양금속,자동차부품
005710,대원산업,자동차부품
005850,에스엘,자동차부품
006660,삼성공조,자동차부품
007340,DN오토모티브,자동차부품
007530,와이엠,자동차부품
008350,남선알미늄,자동차부품
008500,일정실업,자동차부품
008830,대동기어,자동차부품
009320,아진전자부품,자동차부품
009680,모토닉,자동차부품
009900,명신산업,자동차부품
010100,한국무브넥스,자동차부품
010580,에스엠벡셀,자동차부품
010660,화천기계,자동차부품
010690,화신,자동차부품
011070,LG이노텍,자동차부품
011210,현대위아,자동차부품
011320,유니크,자동차부품
012160,영흥,자동차부품
012200,계양전기,자동차부품
012280,영화금속,자동차부품
012330,현대모비스,자동차부품
012860,모베이스전자,자동차부품
013310,아진산업,자동차부품
013570,디와이,자동차부품
013720,THE CUBE&,자동차부품
013870,지엠비코리아,자동차부품
014440,영보화학,자동차부품
015750,성우하이텍,자동차부품
016740,두올,자동차부품
017370,우신시스템,자동차부품
018500,동원금속,자동차부품
018880,한온시스템,자동차부품
019180,티에이치엔,자동차부품
019440,세아특수강,자동차부품
019540,일지테크,자동차부품
019770,서연탑메탈,자동차부품
020400,대동금속,자동차부품
021820,세원정공,자동차부품
023000,삼원강재,자동차부품
023800,인지컨트롤스,자동차부품
023810,인팩,자동차부품
024120,KB오토시스,자동차부품
024740,한일단조,자동차부품
024830,세원물산,자동차부품
024840,KBI메탈,자동차부품
024880,케이피에프,자동차부품
024900,디와이덕양,자동차부품
024910,경창산업,자동차부품
025320,시노펙스,자동차부품
025440,DH오토웨어,자동차부품
025540,한국단자,자동차부품
031510,오스템,자동차부품
033250,체시스,자동차부품
033530,SJG세종,자동차부품
036170,에이치엠넥스,자동차부품
038110,에코플라스틱,자동차부품
040610,SG&G,자동차부품
041650,상신브레이크,자동차부품
041930,동아화성,자동차부품
043370,피에이치에이,자동차부품
047400,유니온머티리얼,자동차부품
048430,유라테크,자동차부품
049070,인탑스,자동차부품
051490,나라엠앤디,자동차부품
053060,세동,자동차부품
053270,구영테크,자동차부품
053700,삼보모터스,자동차부품
060980,HL홀딩스,자동차부품
064960,SNT모티브,자동차부품
065500,오리엔트정공,자동차부품
066590,우수AMS,자동차부품
067570,엔브이에이치코리아,자동차부품
069460,대호에이엘,자동차부품
069510,에스텍,자동차부품
071850,캐스텍코리아,자동차부품
075180,새론오토모티브,자동차부품
078590,휴림에이텍,자동차부품
080470,성창오토텍,자동차부품
085910,네오티스,자동차부품
088290,이원컴포텍,자동차부품
089470,HDC현대EP,자동차부품
090080,평화산업,자동차부품
090150,아이윈,자동차부품
091700,파트론,자동차부품
092200,디아이씨,자동차부품
092780,DYP,자동차부품
093380,풍강,자동차부품
097780,에코볼트,자동차부품
101330,모베이스,자동차부품
101930,인화정공,자동차부품
104040,대성파인텍,자동차부품
105330,케이엔더블유,자동차부품
105550,엣지파운드리,자동차부품
107640,한중엔시에스,자동차부품
108670,LX하우시스,자동차부품
113810,디젠스,자동차부품
118990,모트렉스,자동차부품
119500,포메탈,자동차부품
122350,삼기,자동차부품
122690,서진오토모티브,자동차부품
123040,엠에스오토텍,자동차부품
123410,코리아에프티,자동차부품
123700,SJM,자동차부품
125490,한라캐스트,자동차부품
126600,BGF에코머티리얼즈,자동차부품
126640,화신정공,자동차부품
128540,에코캡,자동차부품
130500,GH신소재,자동차부품
130740,티피씨글로벌,자동차부품
143210,핸즈코퍼레이션,자동차부품
170030,현대공업,자동차부품
191410,육일씨엔에쓰,자동차부품
196700,웹스,자동차부품
198940,한주라이트메탈,자동차부품
200880,서연이화,자동차부품
204320,HL만도,자동차부품
212560,네오오토,자동차부품
214330,금호에이치티,자동차부품
215360,우리산업,자동차부품
234100,폴라리스세원,자동차부품
241690,유니테크노,자동차부품
263600,덕우전자,자동차부품
265560,영화테크,자동차부품
271940,일진하이솔루스,자동차부품
290120,DH오토리드,자동차부품
298050,HS효성첨단소재,자동차부품
308170,씨티알모빌리티,자동차부품
310870,디와이씨,자동차부품
336680,탑런토탈솔루션,자동차부품
354320,알멕,자동차부품
378850,화승알앤에이,자동차부품
396300,세아메카닉스,자동차부품
437730,삼현,자동차부품
448900,한국피아이엠,자동차부품
458650,성우,자동차부품
463480,모티브링크,자동차부품
015710,코콤,CCTV＆DVR
054220,비츠로시스,CCTV＆DVR
083640,인콘,CCTV＆DVR
092600,앤씨앤,CCTV＆DVR
143160,아이디스,CCTV＆DVR
331380,포커스에이아이,CCTV＆DVR
489790,한화비전,CCTV＆DVR
009540,HD한국조선해양,조선
010140,삼성중공업,조선
010620,HD현대미포,조선
023790,동일스틸럭스,조선
042660,한화오션,조선
097230,HJ중공업,조선
329180,HD현대중공업,조선
439260,대한조선,조선
271560,오리온,환율하락 수혜
103140,풍산,환율하락 수혜
097950,CJ제일제당,환율하락 수혜
080160,모두투어,환율하락 수혜
039130,하나투어,환율하락 수혜
036460,한국가스공사,환율하락 수혜
020560,아시아나항공,환율하락 수혜
015760,한국전력,환율하락 수혜
010950,S-Oil,환율하락 수혜
010130,고려아연,환율하락 수혜
007310,오뚜기,환율하락 수혜
005880,대한해운,환율하락 수혜
005490,POSCO홀딩스,환율하락 수혜
004370,농심,환율하락 수혜
004020,현대제철,환율하락 수혜
003490,대한항공,환율하락 수혜
003010,혜인,환율하락 수혜
002680,한탑,환율하락 수혜
001790,대한제당,환율하락 수혜
001680,대상,환율하락 수혜
001130,대한제분,환율하락 수혜
000080,하이트진로,환율하락 수혜
000070,삼양홀딩스,환율하락 수혜
093240,형지엘리트,패션/의류
098660,에스티오,패션/의류
105630,한세실업,패션/의류
109670,씨싸이트,패션/의류
110790,크리스에프앤씨,패션/의류
111110,호전실업,패션/의류
111380,동인기연,패션/의류
111770,영원무역,패션/의류
120110,코오롱인더,패션/의류
145170,노브랜드,패션/의류
194370,제이에스코퍼레이션,패션/의류
204020,그리티,패션/의류
215480,토박스코리아,패션/의류
225590,패션플랫폼,패션/의류
241590,화승엔터프라이즈,패션/의류
267790,배럴,패션/의류
278470,에이피알,패션/의류
298540,더네이쳐홀딩스,패션/의류
306040,에스제이그룹,패션/의류
308100,형지글로벌,패션/의류
335870,윙스풋,패션/의류
337930,젝시믹스,패션/의류
366030,공구우먼,패션/의류
383220,F&F,패션/의류
462310,뉴키즈온,패션/의류
472850,폰드그룹,패션/의류
478560,블랙야크아이앤씨,패션/의류
481070,에이유브랜즈,패션/의류
900110,이스트아시아홀딩스,패션/의류
000680,LS네트웍스,패션/의류
001460,BYC,패션/의류
002070,비비안,패션/의류
004060,SG세계물산,패션/의류
005320,온타이드,패션/의류
005800,신영와코루,패션/의류
006060,화승인더,패션/의류
007980,TP,패션/의류
008290,원풍물산,패션/의류
008600,윌비스,패션/의류
009270,신원,패션/의류
011080,형지I&C,패션/의류
014990,인디에프,패션/의류
016090,대현,패션/의류
020000,한섬,패션/의류
026040,제이에스티나,패션/의류
028260,삼성물산,패션/의류
031430,신세계인터내셔날,패션/의류
033340,좋은사람들,패션/의류
036620,감성코퍼레이션,패션/의류
039980,폴라리스AI,패션/의류
047770,코데즈컴바인,패션/의류
064800,포니링크,패션/의류
065060,지엔코,패션/의류
069640,한세엠케이,패션/의류
081660,미스토홀딩스,패션/의류
084870,TBH글로벌,패션/의류
088790,진도,패션/의류
090370,메타랩스,패션/의류
093050,LF,패션/의류
066570,LG전자,LED
072950,빛샘전자,LED
073540,에프알텍,LED
080520,오디텍,LED
082850,우리바이오,LED
092190,서울바이오시스,LED
092460,한라IMS,LED
096870,엘디티,LED
106240,파인테크닉스,LED
121600,나노신소재,LED
153490,우리이앤엘,LED
178780,일월지엠엘,LED
214330,금호에이치티,LED
256630,포인트엔지니어링,LED
272110,케이엔제이,LED
281740,레이크머티리얼즈,LED
290690,소룩스,LED
307180,아이엘,LED
382800,지앤비에스 에코,LED
001210,금호전기,LED
004710,한솔테크닉스,LED
005930,삼성전자,LED
011690,와이투솔루션,LED
014580,태경비케이,LED
015890,태경산업,LED
017900,광전자,LED
025540,한국단자,LED
032500,케이엠더블유,LED
036170,에이치엠넥스,LED
037400,우리엔터프라이즈,LED
037950,엘컴텍,LED
038060,루멘스,LED
043260,성호전자,LED
045970,코아시아,LED
046890,서울반도체,LED
050760,에스폴리텍,LED
054090,삼진엘앤디,LED
061040,알에프텍,LED
065690,파커스,LED
003280,흥아해운,해운
005880,대한해운,해운
011200,HMM,해운
028670,팬오션,해운
044450,KSS해운,해운
465770,STX그린로지스,해운
003240,태광산업,홈쇼핑
007070,GS리테일,홈쇼핑
023530,롯데쇼핑,홈쇼핑
035760,CJ ENM,홈쇼핑
057050,현대홈쇼핑,홈쇼핑
079190,케스피온,휴대폰부품
080220,제주반도체,휴대폰부품
080420,모다이노칩,휴대폰부품
082210,옵트론텍,휴대폰부품
091120,이엠텍,휴대폰부품
091580,상신이디피,휴대폰부품
093920,서원인텍,휴대폰부품
096630,에스코넥,휴대폰부품
097520,엠씨넥스,휴대폰부품
101330,모베이스,휴대폰부품
106080,케이이엠텍,휴대폰부품
122990,와이솔,휴대폰부품
148150,세경하이테크,휴대폰부품
178320,서진시스템,휴대폰부품
190510,나무가,휴대폰부품
196450,코아시아씨엠,휴대폰부품
204270,제이앤티씨,휴대폰부품
208710,포톤,휴대폰부품
238090,앤디포스,휴대폰부품
294140,레몬,휴대폰부품
332570,PS일렉트로닉스,휴대폰부품
441270,파인엠텍,휴대폰부품
004710,한솔테크닉스,휴대폰부품
011070,LG이노텍,휴대폰부품
032580,피델릭스,휴대폰부품
036010,아비코전자,휴대폰부품
046890,서울반도체,휴대폰부품
047310,파워로직스,휴대폰부품
049070,인탑스,휴대폰부품
049080,기가레인,휴대폰부품
049520,유아이엘,휴대폰부품
049630,재영솔루텍,휴대폰부품
050110,캠시스,휴대폰부품
051370,인터플렉스,휴대폰부품
052710,아모텍,휴대폰부품
052860,아이앤씨,휴대폰부품
053450,세코닉스,휴대폰부품
054040,한국컴퓨터,휴대폰부품
054210,이랜텍,휴대폰부품
060720,KH바텍,휴대폰부품
061040,알에프텍,휴대폰부품
065680,우주일렉트로,휴대폰부품
066670,디티씨,휴대폰부품
066900,디에이피,휴대폰부품
370090,퓨런티어,카메라모듈/부품
300120,라온피플,카메라모듈/부품
290740,액트로,카메라모듈/부품
271830,팸텍,카메라모듈/부품
263600,덕우전자,카메라모듈/부품
225190,LK삼양,카메라모듈/부품
208710,포톤,카메라모듈/부품
196450,코아시아씨엠,카메라모듈/부품
190510,나무가,카메라모듈/부품
126700,하이비젼시스템,카메라모듈/부품
123010,아이윈플러스,카메라모듈/부품
106080,케이이엠텍,카메라모듈/부품
097520,엠씨넥스,카메라모듈/부품
094170,동운아나텍,카메라모듈/부품
091700,파트론,카메라모듈/부품
087600,픽셀플러스,카메라모듈/부품
082210,옵트론텍,카메라모듈/부품
081580,성우전자,카메라모듈/부품
076610,해성옵틱스,카메라모듈/부품
065130,탑엔지니어링,카메라모듈/부품
053450,세코닉스,카메라모듈/부품
050110,캠시스,카메라모듈/부품
049630,재영솔루텍,카메라모듈/부품
047310,파워로직스,카메라모듈/부품
033240,자화전자,카메라모듈/부품
011070,LG이노텍,카메라모듈/부품
009150,삼성전기,카메라모듈/부품
462870,시프트업,게임
331520,밸로프,게임
293490,카카오게임즈,게임
276040,스코넥,게임
263750,펄어비스,게임
259960,크래프톤,게임
251270,넷마블,게임
225570,넥슨게임즈,게임
217270,넵튠,게임
205500,넥써쓰,게임
204610,티쓰리,게임
201490,미투온,게임
192080,더블유게임즈,게임
181710,NHN,게임
112040,위메이드,게임
101730,위메이드맥스,게임
095660,네오위즈,게임
094860,네오리진,게임
078340,컴투스,게임
069080,웹젠,게임
067000,조이시티,게임
066910,손오공,게임
058630,엠게임,게임
052790,액토즈소프트,게임
052770,아이톡시,게임
048910,대원미디어,게임
047560,이스트소프트,게임
047080,한빛소프트,게임
042420,네오위즈홀딩스,게임
036570,엔씨소프트,게임
035420,NAVER,게임
023770,플레이위드,게임
000910,유니온,시멘트/레미콘
001520,동양,시멘트/레미콘
004980,성신양회,시멘트/레미콘
006920,모헨즈,시멘트/레미콘
011390,부산산업,시멘트/레미콘
023410,유진기업,시멘트/레미콘
037760,쎄니트,시멘트/레미콘
038500,삼표시멘트,시멘트/레미콘
060560,HC홈센타,시멘트/레미콘
079650,서산,시멘트/레미콘
183190,아세아시멘트,시멘트/레미콘
198440,강동씨앤엘,시멘트/레미콘
225530,HC보광산업,시멘트/레미콘
255220,SG,시멘트/레미콘
300720,한일시멘트,시멘트/레미콘
039830,오로라,캐릭터상품
048910,대원미디어,캐릭터상품
066910,손오공,캐릭터상품
073570,리튬포어스,캐릭터상품
194480,데브시스터즈,캐릭터상품
317530,캐리소프트,캐릭터상품
369370,블리츠웨이엔터테인먼트,캐릭터상품
403850,더핑크퐁컴퍼니,캐릭터상품
419530,SAMG엔터,캐릭터상품
032350,롯데관광개발,카지노
034230,파라다이스,카지노
035250,강원랜드,카지노
051360,토비스,카지노
052330,코텍,카지노
114090,GKL,카지노
012170,아센디오,영화
018700,바른손,영화
023530,롯데쇼핑,영화
035620,바른손이앤에이,영화
035760,CJ ENM,영화
036420,콘텐트리중앙,영화
037760,쎄니트,영화
079160,CJ CGV,영화
086980,쇼박스,영화
160550,NEW,영화
206560,덱스터,영화
389140,포바이포,영화
035420,NAVER,인터넷 대표주
035720,카카오,인터넷 대표주
475580,에이럭스,교육/온라인 교육
461300,아이스크림미디어,교육/온라인 교육
373160,데이원컴퍼니,교육/온라인 교육
339950,아이비김영,교육/온라인 교육
317530,캐리소프트,교육/온라인 교육
289010,아이스크림에듀,교육/온라인 교육
215200,메가스터디교육,교육/온라인 교육
215100,로보로보,교육/온라인 교육
134060,이퓨쳐,교육/온라인 교육
133750,메가엠디,교육/온라인 교육
100220,비상교육,교육/온라인 교육
096240,크레버스,교육/온라인 교육
095720,웅진씽크빅,교육/온라인 교육
084440,유비온,교육/온라인 교육
072870,메가스터디,교육/온라인 교육
072130,유엔젤,교육/온라인 교육
068930,디지털대성,교육/온라인 교육
068290,삼성출판사,교육/온라인 교육
067280,멀티캠퍼스,교육/온라인 교육
057030,YBM넷,교육/온라인 교육
053290,NE능률,교육/온라인 교육
049470,비트플래닛,교육/온라인 교육
040420,정상제이엘에스,교육/온라인 교육
035290,골드앤에스,교육/온라인 교육
032850,비트컴퓨터,교육/온라인 교육
019680,대교,교육/온라인 교육
012030,DB,교육/온라인 교육
008600,윌비스,교육/온라인 교육
203650,드림시큐리티,보안주(정보)
208350,지란지교시큐리티,보안주(정보)
214180,헥토이노베이션,보안주(정보)
232830,아이티센피엔에스,보안주(정보)
247660,나노씨엠에스,보안주(정보)
258790,소프트캠프,보안주(정보)
263860,지니언스,보안주(정보)
275630,에스에스알,보안주(정보)
286750,나노실리칸첨단소재,보안주(정보)
290270,휴네시온,보안주(정보)
290560,신시웨이,보안주(정보)
291810,핀텔,보안주(정보)
317120,라닉스,보안주(정보)
331740,아우토크립트,보안주(정보)
333050,모코엠시스,보안주(정보)
356680,엑스게이트,보안주(정보)
356890,싸이버원,보안주(정보)
391710,코닉오토메이션,보안주(정보)
411080,샌즈랩,보안주(정보)
424760,벨로크,보안주(정보)
430690,한싹,보안주(정보)
434480,모니터랩,보안주(정보)
456010,아이씨티케이,보안주(정보)
465480,인스피언,보안주(정보)
488280,에스투더블유,보안주(정보)
012750,에스원,보안주(정보)
032190,다우데이타,보안주(정보)
038680,에스넷,보안주(정보)
041460,한국전자인증,보안주(정보)
042510,라온시큐어,보안주(정보)
047560,이스트소프트,보안주(정보)
049470,비트플래닛,보안주(정보)
049480,오픈베이스,보안주(정보)
050960,수산아이앤티,보안주(정보)
053300,한국정보인증,보안주(정보)
053350,이니텍,보안주(정보)
053800,안랩,보안주(정보)
054920,한컴위드,보안주(정보)
057680,티사이언티픽,보안주(정보)
067920,이글루,보안주(정보)
075130,플랜티넷,보안주(정보)
079940,가비아,보안주(정보)
131090,시큐브,보안주(정보)
136540,윈스테크넷,보안주(정보)
150900,파수,보안주(정보)
158430,아톤,보안주(정보)
170790,파이오링크,보안주(정보)
184230,SGA솔루션즈,보안주(정보)
192250,케이사인,보안주(정보)
197140,디지캡,보안주(정보)
029480,광무,NI(네트워크통합)
031820,아이티센씨티에스,NI(네트워크통합)
033230,인성정보,NI(네트워크통합)
038680,에스넷,NI(네트워크통합)
042500,링네트,NI(네트워크통합)
049480,오픈베이스,NI(네트워크통합)
173130,오파스넷,NI(네트워크통합)
443250,레뷰코퍼레이션,광고
397810,애드포러스,광고
363260,모비데이즈,광고
362990,드림인사이트,광고
351870,차이커뮤니케이션,광고
321820,아티스트컴퍼니,광고
291230,엔피,광고
273060,와이즈버즈,광고
263700,케어랩스,광고
237820,플레이디,광고
236810,엔비티,광고
230360,에코마케팅,광고
216050,인크로스,광고
214320,이노션,광고
214270,FSN,광고
127710,아시아경제,광고
123570,이엠넷,광고
089600,KT나스미디어,광고
051160,지어소프트,광고
050090,비케이홀딩스,광고
048550,SM C&C,광고
037270,YG PLUS,광고
035000,HS애드,광고
030000,제일기획,광고
010470,오리콤,광고
027710,팜스토리,육계
027740,마니커,육계
035810,이지홀딩스,육계
066360,체리부로,육계
088910,동우팜투테이블,육계
136480,하림,육계
195500,마니커에프앤지,육계
290720,푸드나무,육계
339770,교촌에프앤비,육계
001430,세아베스틸지주,철강 주요종목
002240,고려제강,철강 주요종목
004020,현대제철,철강 주요종목
005490,POSCO홀딩스,철강 주요종목
016380,KG스틸,철강 주요종목
058430,포스코스틸리온,철강 주요종목
084010,대한제강,철강 주요종목
104700,한국철강,철강 주요종목
306200,세아제강,철강 주요종목
460850,동국씨엠,철강 주요종목
460860,동국제강,철강 주요종목
001020,페이퍼코리아,제지
001810,무림SP,제지
002200,한국수출포장,제지
002310,아세아제지,제지
002870,신풍,제지
004540,깨끗한나라,제지
009200,무림페이퍼,제지
009460,한창제지,제지
009580,무림P&P,제지
009770,삼정펄프,제지
027970,한국제지,제지
034810,해성산업,제지
078130,국일제지,제지
213500,한솔제지,제지
001390,KG케미칼,2차전지
001530,DI동일,2차전지
001780,알루코,2차전지
002710,TCC스틸,2차전지
003670,포스코퓨처엠,2차전지
004490,세방전지,2차전지
004910,조광페인트,2차전지
005070,코스모신소재,2차전지
005420,코스모화학,2차전지
005490,POSCO홀딩스,2차전지
006110,삼아알미늄,2차전지
006400,삼성SDI,2차전지
006650,대한유화,2차전지
008730,율촌화학,2차전지
010130,고려아연,2차전지
011500,한농화성,2차전지
011790,SKC,2차전지
014680,한솔케미칼,2차전지
014820,동원시스템즈,2차전지
015750,성우하이텍,2차전지
017370,우신시스템,2차전지
018470,조일알미늄,2차전지
020150,롯데에너지머티리얼즈,2차전지
025900,동화기업,2차전지
029480,광무,2차전지
032560,황금에스티,2차전지
032680,소프트센,2차전지
033160,엠케이전자,2차전지
033790,피노,2차전지
036830,솔브레인홀딩스,2차전지
037030,파워넷,2차전지
047310,파워로직스,2차전지
049950,미래컴퍼니,2차전지
051490,나라엠앤디,2차전지
051910,LG화학,2차전지
053080,케이엔솔,2차전지
054090,삼진엘앤디,2차전지
054210,이랜텍,2차전지
055490,테이팩스,2차전지
056190,에스에프에이,2차전지
059090,미코,2차전지
064290,인텍플러스,2차전지
065130,탑엔지니어링,2차전지
065350,신성델타테크,2차전지
066970,엘앤에프,2차전지
075970,동국알앤에스,2차전지
076080,웰크론한텍,2차전지
078150,HB테크놀러지,2차전지
078600,대주전자재료,2차전지
079810,디이엔티,2차전지
081180,쎄크,2차전지
083930,아바코,2차전지
084850,아이티엠반도체,2차전지
086520,에코프로,2차전지
088390,이녹스,2차전지
089890,코세스,2차전지
089980,상아프론테크,2차전지
090470,제이스텍,2차전지
091580,상신이디피,2차전지
093370,후성,2차전지
093920,서원인텍,2차전지
096630,에스코넥,2차전지
096770,SK이노베이션,2차전지
101360,에코앤드림,2차전지
106080,케이이엠텍,2차전지
107600,새빗켐,2차전지
108230,톱텍,2차전지
109740,디에스케이,2차전지
110990,디아이티,2차전지
114190,강원에너지,2차전지
121600,나노신소재,2차전지
121850,코이즈,2차전지
126730,코칩,2차전지
129920,대성하이텍,2차전지
131760,파인텍,2차전지
137400,피엔티,2차전지
148930,에이치와이티씨,2차전지
161000,애경케미칼,2차전지
161580,필옵틱스,2차전지
168360,펨트론,2차전지
178920,PI첨단소재,2차전지
217820,원익피앤이,2차전지
220260,켐트로스,2차전지
222080,씨아이에스,2차전지
222420,쎄노텍,2차전지
240600,유진테크놀로지,2차전지
241790,티이엠씨씨엔에스,2차전지
243840,신흥에스이씨,2차전지
247540,에코프로비엠,2차전지
251630,브이원텍,2차전지
254120,자비스,2차전지
257370,피엔티엠에스,2차전지
259630,엠플러스,2차전지
262260,에이프로,2차전지
263770,유에스티,2차전지
265560,영화테크,2차전지
267320,나인테크,2차전지
277880,티에스아이,2차전지
278280,천보,2차전지
282880,코윈테크,2차전지
290670,대보마그네틱,2차전지
294140,레몬,2차전지
299030,하나기술,2차전지
302430,이노메트리,2차전지
312610,에이에프더블류,2차전지
317330,덕산테코피아,2차전지
320000,한울반도체,2차전지
333620,엔시스,2차전지
336370,솔루스첨단소재,2차전지
340930,유일에너테크,2차전지
348370,엔켐,2차전지
354320,알멕,2차전지
357780,솔브레인,2차전지
360070,탑머티리얼,2차전지
361610,SK아이이테크놀로지,2차전지
364950,에이아이코리아,2차전지
365340,성일하이텍,2차전지
372170,윤성에프앤씨,2차전지
373220,LG에너지솔루션,2차전지
378340,필에너지,2차전지
382480,지아이텍,2차전지
382840,원준,2차전지
393890,더블유씨피,2차전지
393970,대진첨단소재,2차전지
396300,세아메카닉스,2차전지
413390,엠오티,2차전지
416180,신성에스티,2차전지
417010,나노팀,2차전지
418550,제이오,2차전지
419050,삼기에너지솔루션즈,2차전지
432470,케이엔에스,2차전지
446540,메가터치,2차전지
450080,에코프로머티,2차전지
452190,한빛레이저,2차전지
452200,민테크,2차전지
452400,이닉스,2차전지
452450,피아이이,2차전지
455180,케이지에이,2차전지
457190,이수스페셜티케미컬,2차전지
458650,성우,2차전지
469750,아이비젼웍스,2차전지
475660,에스켐,2차전지
480370,씨케이솔루션,2차전지
900070,글로벌에스엠,2차전지
456070,이엔셀,줄기세포
373110,엑셀세라퓨틱스,줄기세포
304360,에스바이오메딕스,줄기세포
298060,에스씨엠생명과학,줄기세포
271980,제일약품,줄기세포
217730,강스템바이오텍,줄기세포
191420,테고사이언스,줄기세포
166480,코아스템켐온,줄기세포
118000,메타케어,줄기세포
086820,바이오솔루션,줄기세포
085660,차바이오텍,줄기세포
078160,메디포스트,줄기세포
067630,HLB생명과학,줄기세포
065660,안트로젠,줄기세포
038290,마크로젠,줄기세포
007390,네이처셀,줄기세포
006620,동구바이오제약,줄기세포
005690,파미셀,줄기세포
023790,동일스틸럭스,철강 중소형
026940,부국철강,철강 중소형
039240,경남스틸,철강 중소형
048470,대동스틸,철강 중소형
049430,코메론,철강 중소형
053260,금강철강,철강 중소형
060380,동양에스텍,철강 중소형
069730,DSR제강,철강 중소형
071090,하이스틸,철강 중소형
092790,넥스틸,철강 중소형
100090,SK오션플랜트,철강 중소형
133820,화인베스틸,철강 중소형
139990,아주스틸,철강 중소형
140520,대창스틸,철강 중소형
146060,율촌,철강 중소형
162300,신스틸,철강 중소형
263770,유에스티,철강 중소형
475430,키스트론,철강 중소형
000970,한국주철관,철강 중소형
001080,만호제강,철강 중소형
002220,한일철강,철강 중소형
002690,동일제강,철강 중소형
002710,TCC스틸,철강 중소형
004560,현대비앤지스틸,철강 중소형
004890,동일산업,철강 중소형
005010,휴스틸,철강 중소형
005160,동국산업,철강 중소형
007280,한국특강,철강 중소형
008260,NI스틸,철강 중소형
008420,문배철강,철강 중소형
008970,KBI동양철관,철강 중소형
012160,영흥,철강 중소형
012620,원일특강,철강 중소형
014280,금강공업,철강 중소형
017480,삼현철강,철강 중소형
021040,대호특수강,철강 중소형
023440,제이스코홀딩스,철강 중소형
284740,쿠쿠홈시스,여름
280360,롯데웰푸드,여름
276730,한울앤제주,여름
267790,배럴,여름
136480,하림,여름
093370,후성,여름
088910,동우팜투테이블,여름
071840,롯데하이마트,여름
067170,오텍,여름
060310,3S,여름
051900,LG생활건강,여름
044340,위닉스,여름
043340,에쎈테크,여름
042110,에스씨디,여름
037070,파세코,여름
035810,이지홀딩스,여름
027740,마니커,여름
027710,팜스토리,여름
025860,남해화학,여름
021240,코웨이,여름
006890,태경케미컬,여름
005300,롯데칠성,여름
005180,빙그레,여름
002700,신일전자,여름
001550,조비,여름
001530,DI동일,여름
000890,보해양조,여름
000080,하이트진로,여름
001120,LX인터내셔널,자원개발
001250,GS글로벌,자원개발
011760,현대코퍼레이션,자원개발
017390,서울가스,자원개발
028260,삼성물산,자원개발
036460,한국가스공사,자원개발
037950,엘컴텍,자원개발
047050,포스코인터내셔널,자원개발
051780,큐로홀딩스,자원개발
065170,비엘팜텍,자원개발
065420,에스아이리소스,자원개발
078930,GS,자원개발
096770,SK이노베이션,자원개발
128820,대성산업,자원개발
000490,대동,태풍 및 장마
001550,조비,태풍 및 장마
002100,경농,태풍 및 장마
004000,롯데정밀화학,태풍 및 장마
007590,동방아그로,태풍 및 장마
025860,남해화학,태풍 및 장마
043200,파루,태풍 및 장마
060150,인선이엔티,태풍 및 장마
060260,뉴보텍,태풍 및 장마
101670,하이드로리튬,태풍 및 장마
000080,하이트진로,"주류업(주정, 에탄올 등)"
000140,하이트진로홀딩스,"주류업(주정, 에탄올 등)"
000890,보해양조,"주류업(주정, 에탄올 등)"
004650,창해에탄올,"주류업(주정, 에탄올 등)"
005300,롯데칠성,"주류업(주정, 에탄올 등)"
017890,한국알콜,"주류업(주정, 에탄올 등)"
018120,진로발효,"주류업(주정, 에탄올 등)"
023150,MH에탄올,"주류업(주정, 에탄올 등)"
023900,풍국주정,"주류업(주정, 에탄올 등)"
033920,무학,"주류업(주정, 에탄올 등)"
043650,국순당,"주류업(주정, 에탄올 등)"
276730,한울앤제주,"주류업(주정, 에탄올 등)"
405920,나라셀라,"주류업(주정, 에탄올 등)"
003680,한성기업,수산
003960,사조대림,수산
004970,신라교역,수산
006040,동원산업,수산
006090,사조오양,수산
007160,사조산업,수산
011150,CJ씨푸드,수산
014710,사조씨푸드,수산
025870,신라에스지,수산
030720,동원수산,수산
